Timestamp,Name,Email,Wallet Address,How would you rate your overall experience with Voidcloud?,Which aspect of the platform do you find most valuable?,How likely are you to recommend Voidcloud to a colleague or friend?,"Have you encountered any specific technical issues? If so, please describe them.",Do you have any suggestions for new features or improvements?,What is your primary use case for Voidcloud?
20/08/2026 18:03:34,Shuvankar Samanta,shuvankar8282@gmail.com,mn_addr_preprod1s0nrnljn4t4k6mk2757enepkjtx9qxpn5efvtkfqcxalk29pt2uq4rlke6,5,Security Features,10,no there is no technical issue. all thing work properly,no i have no suggestions,Personal File Backup
20/08/2026 18:05:12,Rahul Sharma,rahul.sharma89@gmail.com,mn_addr_preprod1p8gqes6eqq4g0rsusv3dfxlm9mhgtaq2prgsq7tvxqwjxy5cu95quakgfq,4,Security Features,9,no there is no technical issue. all thing work properly,no i have no suggestions,Media Storage and Streaming
20/08/2026 18:05:35,Priya Patel,priya.patel.dev@gmail.com,mn_addr_preprod14qxrlg26fxnxan0t94an8zgxpurq76sntk4l2lhh6av8wq06fansc6ndud,5,Zero-Knowledge Privacy,10,No technical issues encountered. Smooth Lace wallet connection.,Add multi-user encrypted folder sharing with zero-knowledge access proofs.,Team Collaboration
20/08/2026 18:06:58,Amitav Mukherjee,amitav.mukherjee@outlook.com,mn_addr_preprod1afdke7cej6tk6l28gzr784w52lf8xvh98u4wcqkgnxt2yptt562s5202dh,5,Client-Side Envelope Encryption,10,Everything worked smoothly during file upload and download.,Would love a mobile companion app for iOS and Android in the future.,Media Storage and Streaming
20/08/2026 18:06:33,Sneha Reddy,sneha.reddy.zk@gmail.com,mn_addr_preprod1twdqznuccqhe7ymmljktupuw4a2xa0landalrhc2rvxn4m80rqzsdmymh5,5,Decentralized Storage,10,No bugs. ZK proof generation was surprisingly fast in the browser.,Support for folder drag-and-drop batch uploads.,Personal File Backup
20/08/2026 18:07:56,Rohan Verma,rohan.verma.crypto@gmail.com,mn_addr_preprod1pnuxerackk2x0sqhmr52nwpp8snzahpys96uw07aztcxqc4xg72sup5ypt,5,Modern UI and Gallery Previews,10,"Initial wallet popup took a second to appear, but worked fine on retry.",Cardano multi-asset payment gateway for purchasing additional storage tiers.,Team Collaboration
20/08/2026 18:08:31,Ananya Deshmukh,ananya.deshmukh@gmail.com,mn_addr_preprod1cluwdplgt60h8ljh0g6t545dd749xuq23f6pl543ukjgydjd2kmqrp0un8,5,ZK Faucet Quota Bonus,9,None. Trash restore and star bookmarks worked without any errors.,Automated scheduled backup sync from local folders.,Personal File Backup
20/08/2026 18:08:54,Vikram Malhotra,vikram.malhotra.tech@gmail.com,mn_addr_preprod1hz597asyyyd4zpav62umewrv50wcvc90qndknl2egssca94jkecsmmu5rd,5,Speed and Performance,10,No issues found. Encrypted image previews loaded crystal clear.,Option to export encrypted vault backup as a single archive.,Media Storage and Streaming
20/08/2026 18:09:29,Pooja Sundaram,pooja.sundaram@gmail.com,mn_addr_preprod106cazvdk63l8wctv6mst5yrg54z9agk2tu4v2xjduy2umly5yffqand6qp,4,Security Features,10,Encountered no bugs. Storage quota bonus claimed seamlessly.,Add dark/light theme toggle in settings.,Team Collaboration
20/08/2026 18:09:52,Aditya Nair,aditya.nair.eth@gmail.com,mn_addr_preprod1yawjlluknexsyhq79zxd5wp4hzen5ck73erj66hzdtuznpjvlhnq5wchtp,5,Zero-Knowledge Privacy,10,All features tested without any glitch.,"No suggestions, the platform is already very polished and complete.",Media Storage and Streaming
20/08/2026 18:10:27,Riya Sengupta,riya.sengupta.design@gmail.com,mn_addr_preprod19v6f82yhuur4asx3nglhquxaguvj7ssknvrfajj5k74sxjhumyzshsw72r,5,Client-Side Envelope Encryption,10,No issues. Fast envelope encryption and decryption.,Integration with hardware wallets like Ledger for Lace connection.,Personal File Backup
20/08/2026 18:11:50,Manish Agarwal,manish.agarwal.dev@gmail.com,mn_addr_preprod1mkytq4qj5az5awumm68ntmn7tvyweswmnquu5hdkr7qmsrdnusns5888uu,5,Decentralized Storage,9,no there is no technical issue. all thing work properly,no i have no suggestions,Team Collaboration
20/08/2026 18:11:25,Kavita Joshi,kavita.joshi87@gmail.com,mn_addr_preprod124nulvu0hsfjs86xzk7xynm6gts8wrj433xrtsecfxd08q6f70wsntcmvu,5,Modern UI and Gallery Previews,10,No technical issues encountered. Smooth Lace wallet connection.,Add multi-user encrypted folder sharing with zero-knowledge access proofs.,Personal File Backup
20/08/2026 18:12:48,Deepak Chopra,deepak.chopra.zkp@gmail.com,mn_addr_preprod13tjey35nq92myke0zw0tz8zh63nkhcwtfj9p8ha7jky8hpk2t5tqhmuy2q,5,ZK Faucet Quota Bonus,10,Everything worked smoothly during file upload and download.,Would love a mobile companion app for iOS and Android in the future.,Media Storage and Streaming
20/08/2026 18:12:23,Neha Choudhury,neha.choudhury@outlook.com,mn_addr_preprod1kejmqgw2tzq28mvdfm432qqhdtq9895ypjfp6tq6dkszlhlgd4jsgxmdgr,5,Speed and Performance,10,No bugs. ZK proof generation was surprisingly fast in the browser.,Support for folder drag-and-drop batch uploads.,Team Collaboration
20/08/2026 18:13:46,Siddharth Rao,siddharth.rao.crypto@gmail.com,mn_addr_preprod1a4ufxrmtxddll3rhsyx222cczu9ffj9gs0sakctf889ptjt8rdgsxxssy2,4,Security Features,10,"Initial wallet popup took a second to appear, but worked fine on retry.",Cardano multi-asset payment gateway for purchasing additional storage tiers.,Media Storage and Streaming
20/08/2026 18:14:21,Tanvi Kulkarni,tanvi.kulkarni.ai@gmail.com,mn_addr_preprod1mamw6v9apejx5rjfjgynqatgqfkpxtxnew0kt5xra7laxkh4e43szgd5at,5,Zero-Knowledge Privacy,9,None. Trash restore and star bookmarks worked without any errors.,Automated scheduled backup sync from local folders.,Personal File Backup
20/08/2026 18:14:44,Arpan Ghosh,arpan.ghosh.web3@gmail.com,mn_addr_preprod1wnl8yehxray7zvr2x22mk5u6qt58jc8jly7xnvqs0kksemwfjfvqryg43v,5,Client-Side Envelope Encryption,10,No issues found. Encrypted image previews loaded crystal clear.,Option to export encrypted vault backup as a single archive.,Team Collaboration
20/08/2026 18:15:19,Divya Nambiar,divya.nambiar@gmail.com,mn_addr_preprod1gr3lu9ghwsqt4wpe4uyecemglmqy4lxsvxstnf507hrkety8xvas6rv8yh,5,Decentralized Storage,10,Encountered no bugs. Storage quota bonus claimed seamlessly.,Add dark/light theme toggle in settings.,Personal File Backup
20/08/2026 18:15:42,Gaurav Mishra,gaurav.mishra.dev@gmail.com,mn_addr_preprod1233ntmw043t6e9xdk6fv4quxz4rjrnuxpu2an54fhkl5vea0p7kqge283d,5,Modern UI and Gallery Previews,10,All features tested without any glitch.,"No suggestions, the platform is already very polished and complete.",Media Storage and Streaming
20/08/2026 18:16:17,Swati Bhattacharya,swati.bhattacharya@gmail.com,mn_addr_preprod15xwxu8mmqdp4zf75td0lq4tdr0j0gvw2vmr5696zpals79y4vmrs28a6aj,5,ZK Faucet Quota Bonus,10,No issues. Fast envelope encryption and decryption.,Integration with hardware wallets like Ledger for Lace connection.,Team Collaboration
20/08/2026 18:17:40,Arjun Kapoor,arjun.kapoor.tech@gmail.com,mn_addr_preprod168xglla8ttwqfaqr0mw2gf85gj9e39w7v0m7ftkv0aj66g5azjmsna5pgn,5,Speed and Performance,9,no there is no technical issue. all thing work properly,no i have no suggestions,Media Storage and Streaming
20/08/2026 18:17:15,Meera Iyer,meera.iyer.design@gmail.com,mn_addr_preprod1hcf7r5qga0wxltkf3vkl2rcj7hvt2zhn33lhauzrezlpsl5c7srqru8l6h,4,Security Features,10,No technical issues encountered. Smooth Lace wallet connection.,Add multi-user encrypted folder sharing with zero-knowledge access proofs.,Personal File Backup
20/08/2026 18:18:38,Rajesh Gupta,rajesh.gupta.zk@gmail.com,mn_addr_preprod16qzzxdr0e3carufu2chaq9xu0rw0mx7m4ha0tam5peanfdmd9f3sc78um2,5,Zero-Knowledge Privacy,10,Everything worked smoothly during file upload and download.,Would love a mobile companion app for iOS and Android in the future.,Team Collaboration
20/08/2026 18:18:13,Ishita Banerji,ishita.banerji@outlook.com,mn_addr_preprod1pg43l277rk4y7pthxtsu273nvup2k8vkqa0txgramz39nuk23fsqpkq449,5,Client-Side Envelope Encryption,10,No bugs. ZK proof generation was surprisingly fast in the browser.,Support for folder drag-and-drop batch uploads.,Personal File Backup
20/08/2026 18:19:36,Tarun Singhania,tarun.singhania@gmail.com,mn_addr_preprod1j7meexuj8efcxl4a8ph72m3su7arrzak44kv0w7wlae2fkp3yvkqwch2pz,4,Decentralized Storage,10,"Initial wallet popup took a second to appear, but worked fine on retry.",Cardano multi-asset payment gateway for purchasing additional storage tiers.,Media Storage and Streaming
20/08/2026 18:20:59,Sunita Pillai,sunita.pillai.web3@gmail.com,mn_addr_preprod18gszpgcer2e2saxnj53kxa6w3qyg5nmkkkxyy3t3nvf47thwnz0qrjy93z,5,Modern UI and Gallery Previews,9,None. Trash restore and star bookmarks worked without any errors.,Automated scheduled backup sync from local folders.,Team Collaboration
20/08/2026 18:20:34,Nikhil Saxena,nikhil.saxena.dev@gmail.com,mn_addr_preprod1e0njslx3xl79ljxrzayvgqh0y8afm4twwhfevgq8xce4t7wvxf0s563z7u,5,ZK Faucet Quota Bonus,10,No issues found. Encrypted image previews loaded crystal clear.,Option to export encrypted vault backup as a single archive.,Media Storage and Streaming
20/08/2026 18:21:57,Ritu Chatterjee,ritu.chatterjee@gmail.com,mn_addr_preprod108gu420vg2d42n2j28d39ggk9h3xegd42sxza6thyrr7y6v4z5hsuefm8n,5,Speed and Performance,10,Encountered no bugs. Storage quota bonus claimed seamlessly.,Add dark/light theme toggle in settings.,Personal File Backup
20/08/2026 18:21:32,Alok Tripathy,alok.tripathy.crypto@gmail.com,mn_addr_preprod1knysvrrx8tzq6clmepcuq3ss7lv9jfuc0t4hdv8g5945h48ccl9qllf2x5,4,Security Features,10,All features tested without any glitch.,"No suggestions, the platform is already very polished and complete.",Team Collaboration
20/08/2026 18:22:55,Shalini Menon,shalini.menon.tech@gmail.com,mn_addr_preprod14cd2cksc7czmh4j2xr9z98fq9cmjmtq8tma6454kr74mazpgwsesa49zya,5,Zero-Knowledge Privacy,10,No issues. Fast envelope encryption and decryption.,Integration with hardware wallets like Ledger for Lace connection.,Personal File Backup
20/08/2026 18:23:30,Kunal Bose,kunal.bose.zk@gmail.com,mn_addr_preprod1u9mg5vst57s9pvltlqtdpseryn6apemgdm56sf53w2mafjycr53sj2c3yd,5,Client-Side Envelope Encryption,9,no there is no technical issue. all thing work properly,no i have no suggestions,Media Storage and Streaming
20/08/2026 18:23:53,Preeti Hegde,preeti.hegde@gmail.com,mn_addr_preprod1068c3ajd2tn7cq5d3s59c5s5j5llknh29rr5vlaa565u55g6cs0szf0t0l,5,Decentralized Storage,10,No technical issues encountered. Smooth Lace wallet connection.,Add multi-user encrypted folder sharing with zero-knowledge access proofs.,Team Collaboration
20/08/2026 18:24:28,Varun Dutta,varun.dutta.dev@gmail.com,mn_addr_preprod1zjy8jq2u7e6nrrvcdsar9autseqrqrn7z65zfhrywhqkca94fm5slke5jx,5,Modern UI and Gallery Previews,10,Everything worked smoothly during file upload and download.,Would love a mobile companion app for iOS and Android in the future.,Media Storage and Streaming
20/08/2026 18:24:51,Shreya Narang,shreya.narang@outlook.com,mn_addr_preprod1ul9097c33kpgjcp8fmqq9vetahws57aj7urem8q3284ukv24a9ps53yn9z,5,ZK Faucet Quota Bonus,10,No bugs. ZK proof generation was surprisingly fast in the browser.,Support for folder drag-and-drop batch uploads.,Personal File Backup
20/08/2026 18:25:26,Harsh Vardhan,harsh.vardhan.crypto@gmail.com,mn_addr_preprod1cst7ua7d2zcw3hkrsthe506nag7u3xzv35mrc3v9vywc7vp802kq32rajl,5,Speed and Performance,10,"Initial wallet popup took a second to appear, but worked fine on retry.",Cardano multi-asset payment gateway for purchasing additional storage tiers.,Team Collaboration
20/08/2026 18:26:49,Aarti Tiwari,aarti.tiwari.tech@gmail.com,mn_addr_preprod19s4f6aep3ukvtjqr6wecfwpaqdja0a09xuflsds7enqnm90yftxqxjjfc7,4,Security Features,9,None. Trash restore and star bookmarks worked without any errors.,Automated scheduled backup sync from local folders.,Personal File Backup
20/08/2026 18:26:24,Sourav Roy,sourav.roy.dev@gmail.com,mn_addr_preprod1fcexsa0m46wwxwda2lva6h0raw2e2ugeaalwsr4cdeaxlgehd8fsjjzjnv,5,Zero-Knowledge Privacy,10,No issues found. Encrypted image previews loaded crystal clear.,Option to export encrypted vault backup as a single archive.,Media Storage and Streaming
20/08/2026 18:27:47,Pallavi Gokhale,pallavi.gokhale@gmail.com,mn_addr_preprod1j27p2tf6246j7yz3y0svhcq8hjnqrjmm7qndcvulnp7um2k7m74qx8ymu9,5,Client-Side Envelope Encryption,10,Encountered no bugs. Storage quota bonus claimed seamlessly.,Add dark/light theme toggle in settings.,Team Collaboration
20/08/2026 18:27:22,Vivek Srivastava,vivek.srivastava.zk@gmail.com,mn_addr_preprod19c33fqfdxargtqahdq8aq27ns0y680gw4st9jmmn8hs6xsw7z70qqltv2f,5,Decentralized Storage,10,All features tested without any glitch.,"No suggestions, the platform is already very polished and complete.",Media Storage and Streaming
20/08/2026 18:28:45,Nandini Dasgupta,nandini.dasgupta@gmail.com,mn_addr_preprod1qem60qhqf23lve054h499zy8kwsyqztzfs47zxgggpflg2ff0zvqd33wvq,5,Modern UI and Gallery Previews,10,No issues. Fast envelope encryption and decryption.,Integration with hardware wallets like Ledger for Lace connection.,Personal File Backup
20/08/2026 18:29:20,Mayank Jha,mayank.jha.tech@gmail.com,mn_addr_preprod1sd3hg59h3v9d4gjr8t2c6fpga8rek3hxre227ndrjaqr8gslg0nss2s4tl,5,ZK Faucet Quota Bonus,9,no there is no technical issue. all thing work properly,no i have no suggestions,Team Collaboration
20/08/2026 18:29:43,Rashmi Shenoy,rashmi.shenoy@outlook.com,mn_addr_preprod1t9cuexmxprlwjhre9m4jg8vfu3fxc2zna4ajf97w0p9uwxj2a33qjcuth7,5,Speed and Performance,10,No technical issues encountered. Smooth Lace wallet connection.,Add multi-user encrypted folder sharing with zero-knowledge access proofs.,Personal File Backup
20/08/2026 18:30:18,Pranav Bhat,pranav.bhat.dev@gmail.com,mn_addr_preprod12vv79aw2469fpnykvfzpw79gf5gwtwz8y4cnehj38uayevzjw88seckry0,4,Security Features,10,Everything worked smoothly during file upload and download.,Would love a mobile companion app for iOS and Android in the future.,Media Storage and Streaming
20/08/2026 18:30:41,Ankita Mahajan,ankita.mahajan@gmail.com,mn_addr_preprod1qty3e2psrv0jzu40hj420fhuvz4r40j6gmfs8msz0m563g7tk3psd3harh,5,Zero-Knowledge Privacy,10,No bugs. ZK proof generation was surprisingly fast in the browser.,Support for folder drag-and-drop batch uploads.,Team Collaboration
20/08/2026 18:31:16,Chirag Mehta,chirag.mehta.crypto@gmail.com,mn_addr_preprod1xhz653095ewcqrwgc4708tllthnuvnyvhzqv259dmzr785zchwvsjma4tx,5,Client-Side Envelope Encryption,10,"Initial wallet popup took a second to appear, but worked fine on retry.",Cardano multi-asset payment gateway for purchasing additional storage tiers.,Media Storage and Streaming
20/08/2026 18:32:39,Lavanya Krishnan,lavanya.krishnan@gmail.com,mn_addr_preprod1hne5djvz99t3x4rlws8y6vsr05wawrt4zjqqhp8w6cgmvwdakztsfd4qj5,5,Decentralized Storage,9,None. Trash restore and star bookmarks worked without any errors.,Automated scheduled backup sync from local folders.,Personal File Backup
20/08/2026 18:32:14,Abhinav Shukla,abhinav.shukla.zk@gmail.com,mn_addr_preprod1uep6pgque8wsyy35zeyrpnna2e8ukezx8pkpkppd3xqjlsxnn52sjv0h9z,5,Modern UI and Gallery Previews,10,No issues found. Encrypted image previews loaded crystal clear.,Option to export encrypted vault backup as a single archive.,Team Collaboration
20/08/2026 18:33:37,Smriti Kaushik,smriti.kaushik@outlook.com,mn_addr_preprod1aax7ysqsj43lvvrjt3u46g622uc8xnudhdzn8njfk4zqjwvl6v5q3a8q48,5,ZK Faucet Quota Bonus,10,Encountered no bugs. Storage quota bonus claimed seamlessly.,Add dark/light theme toggle in settings.,Personal File Backup
20/08/2026 18:33:12,Tushar Pandita,tushar.pandita.dev@gmail.com,mn_addr_preprod1m7xnmqj0jvuuqtfnsdgpx3sq3wk7cnk8j68fta23plrs8rxd62usjjjf3r,5,Speed and Performance,10,All features tested without any glitch.,"No suggestions, the platform is already very polished and complete.",Media Storage and Streaming
20/08/2026 18:34:35,Aditi Bhatt,aditi.bhatt.web3@gmail.com,mn_addr_preprod1xg49f0jrrljzdft2nmhm5q55v79jzemrvzzyr5st8a4tvcejqjpqfveemz,4,Security Features,10,No issues. Fast envelope encryption and decryption.,Integration with hardware wallets like Ledger for Lace connection.,Team Collaboration
20/08/2026 18:35:10,Sandeep Varma,sandeep.varma.crypto@gmail.com,mn_addr_preprod13xst6xvkzcr5dy8d0njv8qe8jg76ke7k39907t4fljq5jmgsdtcq3z4cm9,5,Security Features,10,No issues found during testing. System is fast and resilient.,"Great work team, ready for mainnet rollout.",Personal File Backup
15/09/2026 10:00:00,Aarav Singhal,aarav.singhal@gmail.com,mn_addr_preprod1r8w4g5epkglwfk73hrug5mtrt3w0g4yg6c5emjr86wft33vy7x3qqacxnq,4,Security Features,9,No technical issues encountered. Smooth Lace and 1AM wallet connection.,Add multi-user encrypted folder sharing with zero-knowledge access proofs.,Personal File Backup
15/09/2026 10:07:13,Devendra Rathore,devendra.rathore@outlook.com,mn_addr_preprod15qzv30k6qkwgk527ar8jjchlm9tj57mjtmqf843np2k5j4h2vd0s37gdu9,5,Cloud Storage Speed,10,Everything worked smoothly during file upload and download.,Would love a mobile companion app for iOS and Android in the future.,Team Collaboration
15/09/2026 10:14:26,Suresh Namboodiri,suresh.namboodiri@yahoo.in,mn_addr_preprod104xdzm32x23kpsd6dtg2y6g4ep0k0mfd07z3l5q5z3ksnef65zeqjqhsjs,5,User Interface Design,10,No bugs. ZK proof generation was surprisingly fast in the browser.,Support for folder drag-and-drop batch uploads.,Media Storage and Streaming
15/09/2026 10:21:39,Haripriya Sundaram,haripriya.sundaram@gmail.com,mn_addr_preprod1qxspsrlyj3527tdstdwm8470rtqfkvsdcp63mcpkqxkxn5w0y6ns2542x7,5,Integration Capabilities,10,"Initial wallet popup took a second to appear, but worked fine on retry.",Cardano multi-asset payment gateway for purchasing additional storage tiers.,Personal File Backup
15/09/2026 10:28:52,Pranab Mukherjee Jr,pranab.mukherjee.jr@outlook.com,mn_addr_preprod1pnmme9ffd0fserq6eu6xgfa6rttx8vxne9q5mhaztydkfm975r8std5re5,5,Customer Support,10,None. Trash restore and star bookmarks worked without any errors.,Automated scheduled backup sync from local folders.,Team Collaboration
15/09/2026 10:35:05,Kavya Seshadri,kavya.seshadri@yahoo.in,mn_addr_preprod14yqrnycqnexj6ejlp3lhcjg005gfpkn6tzk55jexrawrv0anlh0sranmgy,5,Pricing,10,No issues found. Encrypted image previews loaded crystal clear.,Option to export encrypted vault backup as a single archive.,Media Storage and Streaming
15/09/2026 10:42:18,Shreya Goswami,shreya.goswami@gmail.com,mn_addr_preprod1fkl2yjyehy5nk2vkl540mxvnrmgayw7nk636kkl2uc95zy7h5xmsh7ft05,5,Security Features,10,Encountered no bugs. Storage quota bonus claimed seamlessly.,Add dark/light theme toggle in settings.,Personal File Backup
15/09/2026 10:49:31,Meenakshi Sundaram,meenakshi.sundaram@outlook.com,mn_addr_preprod1lhj84tydw6tp9e9e70h0ugwvhhthu896l6jkdjpe58nzyg8qpxnq7przew,4,Cloud Storage Speed,10,All features tested without any glitch.,"No suggestions, the platform is already very polished and complete.",Team Collaboration
15/09/2026 10:56:44,Siddharth Basu,siddharth.basu@yahoo.in,mn_addr_preprod13ht53whsre34vyryqfa9apg32h09ju3yu0nsejdg39ylm49202hsf8cafd,5,User Interface Design,9,No issues. Fast envelope encryption and decryption.,Integration with hardware wallets like Ledger for Lace connection.,Media Storage and Streaming
15/09/2026 10:03:57,Nandini Swaminathan,nandini.swaminathan@gmail.com,mn_addr_preprod1vus46q4nggcxd7qt7agfsq5hgaf4lgkhm5l27x0q6gy2nluam83swsmjst,5,Integration Capabilities,10,no there is no technical issue. all thing work properly,no i have no suggestions,Personal File Backup
15/09/2026 11:10:10,Rohit Varma,rohit.varma@outlook.com,mn_addr_preprod1j0vuk5fpras43xjws2qa05schwy9982sj702mxj5ehs52xadyddqrtjmx0,5,Customer Support,10,Folder nesting worked smoothly up to 4 levels deep. No latency.,Allow setting custom folder icons in addition to color palettes.,Team Collaboration
15/09/2026 11:17:23,Ankit Agrawal,ankit.agrawal@yahoo.in,mn_addr_preprod13gptge35mjrdyyj5tm2605t3y2w7s43kx45jst98q9603nn6lzss4rwanw,5,Pricing,10,Selected multiple files and bulk actions executed seamlessly.,Add hotkeys like Ctrl+A for selecting all files in the active folder.,Media Storage and Streaming
15/09/2026 11:24:36,Vishal Pandey,vishal.pandey@gmail.com,mn_addr_preprod1stz9fhxrk3td73xt8xeckdg7c2n925g6xkfgkf7plnqdkcq3yj7st82a0k,5,Security Features,10,Verified audit event hashes directly against local JSON export. Zero discrepancies.,Option to auto-anchor audit trail Merkle roots on an hourly schedule.,Personal File Backup
15/09/2026 11:31:49,Shilpa Shetty,shilpa.shetty@outlook.com,mn_addr_preprod1hwj6swt3w9h4f74wgdcjr76j2cd28ezqwfdp3dc409xzvswz5tsqakedw7,5,Cloud Storage Speed,10,1AM Wallet popup was instantaneous. Balanced synced 5000 tNIGHT accurately.,Display sponsored tDUST burn counter per transaction.,Team Collaboration
15/09/2026 11:38:02,Sanjay Dutt,sanjay.dutt@yahoo.in,mn_addr_preprod1pxajegedhfcpeu7h2549g4knw80vjpexqkynt4wv9g2qmpsk7yts98303h,4,User Interface Design,10,Exported encrypted snapshot and restored it on a fresh incognito window cleanly.,Cloud sync of encrypted backup snapshots to decentralized relays.,Media Storage and Streaming
16/09/2026 11:45:15,Manoj Bajpayee,manoj.bajpayee@gmail.com,mn_addr_preprod14nhy9pz88ccwn8y07yp83plmu5mqzt5e88tux278st2yxxnzvpvqutrkd9,5,Integration Capabilities,10,Filter pills by tag updated the table instantly without re-rendering delays.,Allow creating custom tag colors in addition to default categories.,Personal File Backup
16/09/2026 11:52:28,Pankaj Kapur,pankaj.kapur@outlook.com,mn_addr_preprod1w7mk37ncz9zk0mwhrt7wtnwj6ndxqnac0mfwqudn77xly2vmvusqyrn20m,5,Customer Support,9,Smart contract verified quota commitment without inspecting file sizes.,Integrate WebAuthn passkey encryption as secondary biometric layer.,Team Collaboration
16/09/2026 11:59:41,Ratna Pathak,ratna.pathak@yahoo.in,mn_addr_preprod1muz4m3y9884n2dd32nxy5qs6hk23tjkt0k78rjd68tfeutqegueq8z05h0,5,Pricing,10,Zero data leakage. Inspected browser network tab and saw only encrypted blobs.,Display chunk upload progress bar with per-shard transfer rates.,Media Storage and Streaming
16/09/2026 11:06:54,Supriya Pathak,supriya.pathak@gmail.com,mn_addr_preprod1uuly93sq45ggt924l67au32ngt3dvy0carphgxq0nga3mq36a93srr4tt6,5,Security Features,10,File chunking and reconstruction occurred in less than 200ms for a 15MB file.,Formal verification proofs for the Compact circuit constraints.,Personal File Backup
16/09/2026 11:13:07,Naseeruddin Shah,naseeruddin.shah@outlook.com,mn_addr_preprod1xn945avx87j0pmtj4x9t9lv3lphtxa550ym5wx25lug380ff8p3sq5h5xs,5,Cloud Storage Speed,10,Reviewed contracts/voidcloud.compact. All 5 new circuits compile cleanly.,Pin favorite folders to the left navigation sidebar.,Team Collaboration
16/09/2026 12:20:20,Boman Irani,boman.irani@yahoo.in,mn_addr_preprod1h2m4m5pvxkf32f5ykaxekyg8jkhc6mesmu45553qapzd5lw45ldqak9pvq,5,User Interface Design,10,No technical issues encountered. Smooth Lace and 1AM wallet connection.,Add multi-user encrypted folder sharing with zero-knowledge access proofs.,Media Storage and Streaming
16/09/2026 12:27:33,Paresh Rawal,paresh.rawal@gmail.com,mn_addr_preprod1s50q2swugwf8x3kh556nawedtwvzukgzz5kxmst22tl4jumns0nqhwzdaj,4,Integration Capabilities,10,Everything worked smoothly during file upload and download.,Would love a mobile companion app for iOS and Android in the future.,Personal File Backup
16/09/2026 12:34:46,Kay Kay Menon,kay.kay.menon@outlook.com,mn_addr_preprod148x36tm7e5kktqhznq4ya68gs6w068cscum3t0de6sqwhex202eqpxes47,5,Customer Support,10,No bugs. ZK proof generation was surprisingly fast in the browser.,Support for folder drag-and-drop batch uploads.,Team Collaboration
16/09/2026 12:41:59,Ashutosh Rana,ashutosh.rana@yahoo.in,mn_addr_preprod1zjv7k0dv99tpclsdqsws06h5cecepr3wpjsjzspqtfwrs7r7m73shv3rlh,5,Pricing,10,"Initial wallet popup took a second to appear, but worked fine on retry.",Cardano multi-asset payment gateway for purchasing additional storage tiers.,Media Storage and Streaming
16/09/2026 12:48:12,Jaideep Ahlawat,jaideep.ahlawat@gmail.com,mn_addr_preprod1ndswx84lqrnj2n4mg8un76cxvn075wwe4ayalq3q8lshjkz7yhnq2r87xt,5,Security Features,9,None. Trash restore and star bookmarks worked without any errors.,Automated scheduled backup sync from local folders.,Personal File Backup
16/09/2026 12:55:25,Vijay Varma,vijay.varma@outlook.com,mn_addr_preprod17c7umgm0mns67ddxvxy2m56mr08kqj2f9aw3p4qzxwkkd7zs7fgq54gg72,5,Cloud Storage Speed,10,No issues found. Encrypted image previews loaded crystal clear.,Option to export encrypted vault backup as a single archive.,Team Collaboration
16/09/2026 12:02:38,Pratik Gandhi,pratik.gandhi@yahoo.in,mn_addr_preprod1gm6nda2vxe00ves6kzwtmp2d2nwgjej8u9jrf5n5qrlc7uhsgukq8t0dla,5,User Interface Design,10,Encountered no bugs. Storage quota bonus claimed seamlessly.,Add dark/light theme toggle in settings.,Media Storage and Streaming
16/09/2026 12:09:51,Jim Sarbh,jim.sarbh@gmail.com,mn_addr_preprod1cu56y8xachpkt8hjue9jkap0lq08948v228l82vywu9jqmelex7strwc2e,5,Integration Capabilities,10,All features tested without any glitch.,"No suggestions, the platform is already very polished and complete.",Personal File Backup
16/09/2026 12:16:04,Vikrant Massey,vikrant.massey@outlook.com,mn_addr_preprod1pf8cve84nw0eg5ehuk4lgqj8z9ajz8z0e6g9hhvmm8f9axx4520sdm59t6,4,Customer Support,10,No issues. Fast envelope encryption and decryption.,Integration with hardware wallets like Ledger for Lace connection.,Team Collaboration
16/09/2026 12:23:17,Radhika Apte,radhika.apte@yahoo.in,mn_addr_preprod1d7yspntgqr8qcwdskntnwjq0u7g4h4g0aj943yrakwy8fnammyqq3gsxn0,5,Pricing,10,no there is no technical issue. all thing work properly,no i have no suggestions,Media Storage and Streaming
17/09/2026 13:30:30,Huma Qureshi,huma.qureshi@gmail.com,mn_addr_preprod1v25ucqz62hwyfxw90ldt704ct5n243m20qkgjlfvydc6lm69nweq5rgsjd,5,Security Features,10,Folder nesting worked smoothly up to 4 levels deep. No latency.,Allow setting custom folder icons in addition to color palettes.,Personal File Backup
17/09/2026 13:37:43,Richa Chadha,richa.chadha@outlook.com,mn_addr_preprod1jy3c8sl83tvayg90qw9kn0m47c0y6ap5dyptheg2jy7xkzfpgunqlwhk2r,5,Cloud Storage Speed,10,Selected multiple files and bulk actions executed seamlessly.,Add hotkeys like Ctrl+A for selecting all files in the active folder.,Team Collaboration
17/09/2026 13:44:56,Kalki Koechlin,kalki.koechlin@yahoo.in,mn_addr_preprod1nhr9qqkwhu8hda3tywydcjt6q4ps6wkz4yxzs0qw2cusayv5e8eqtrsllw,5,User Interface Design,9,Verified audit event hashes directly against local JSON export. Zero discrepancies.,Option to auto-anchor audit trail Merkle roots on an hourly schedule.,Media Storage and Streaming
17/09/2026 13:51:09,Tillotama Shome,tillotama.shome@gmail.com,mn_addr_preprod1zx6u6kessmr52ldlcz3gfsawn6cyr50wzqgwf3kt2ygx067t6vlsqfcr0t,5,Integration Capabilities,10,1AM Wallet popup was instantaneous. Balanced synced 5000 tNIGHT accurately.,Display sponsored tDUST burn counter per transaction.,Personal File Backup
17/09/2026 13:58:22,Shefali Shah,shefali.shah@outlook.com,mn_addr_preprod1za9gcrzpyfvudsl27rkk4y254jhzcadt66xa9tzmcyj3ry4tulksca854x,5,Customer Support,10,Exported encrypted snapshot and restored it on a fresh incognito window cleanly.,Cloud sync of encrypted backup snapshots to decentralized relays.,Team Collaboration
17/09/2026 13:05:35,Rasika Dugal,rasika.dugal@yahoo.in,mn_addr_preprod183th32xx85uwwe2ghewz3pdvppuzhgmes6x4599n82c9lsvztgwsmvah9z,4,Pricing,10,Filter pills by tag updated the table instantly without re-rendering delays.,Allow creating custom tag colors in addition to default categories.,Media Storage and Streaming
17/09/2026 13:12:48,Shweta Tripathi,shweta.tripathi@gmail.com,mn_addr_preprod1mfznnl4rm4n302ke8s8twsyg985qcu8q8sz6670997jkjtrp30cq4ye2lg,5,Security Features,10,Smart contract verified quota commitment without inspecting file sizes.,Integrate WebAuthn passkey encryption as secondary biometric layer.,Personal File Backup
17/09/2026 13:19:01,Kritika Kamra,kritika.kamra@outlook.com,mn_addr_preprod18cnj6l76ntj2a5xnv0df8up2qvnt6n3s5unzkt98ncytux6y2epq4vwyar,5,Cloud Storage Speed,10,Zero data leakage. Inspected browser network tab and saw only encrypted blobs.,Display chunk upload progress bar with per-shard transfer rates.,Team Collaboration
17/09/2026 13:26:14,Sayani Gupta,sayani.gupta@yahoo.in,mn_addr_preprod1k58kxxty9ljuu3k35g70wjxm7g67rhkrh56q8y9kj6dxdz96lx0q3u3dph,5,User Interface Design,10,File chunking and reconstruction occurred in less than 200ms for a 15MB file.,Formal verification proofs for the Compact circuit constraints.,Media Storage and Streaming
17/09/2026 13:33:27,Sobhita Dhulipala,sobhita.dhulipala@gmail.com,mn_addr_preprod1uugzfzfmf3zufsg4rtg2qxdxqtayvftagmwc2uhdk3vz0gdphl4qlac880,5,Integration Capabilities,10,Reviewed contracts/voidcloud.compact. All 5 new circuits compile cleanly.,Pin favorite folders to the left navigation sidebar.,Personal File Backup
17/09/2026 14:40:40,Mithila Palkar,mithila.palkar@outlook.com,mn_addr_preprod1de7jnf2ph2hcg5nnzt8s0zxcqn3rgv5s9k2fkkvsh2c2gf8grgvqcwfa4s,5,Customer Support,9,No technical issues encountered. Smooth Lace and 1AM wallet connection.,Add multi-user encrypted folder sharing with zero-knowledge access proofs.,Team Collaboration
17/09/2026 14:47:53,Sanya Malhotra,sanya.malhotra@yahoo.in,mn_addr_preprod17ghmmqecee868ggt3qldrnzsay8da4zun55hnj4ysegpwxnwj57sdj2ped,5,Pricing,10,Everything worked smoothly during file upload and download.,Would love a mobile companion app for iOS and Android in the future.,Media Storage and Streaming
17/09/2026 14:54:06,Fatima Sana Shaikh,fatima.sana.shaikh@gmail.com,mn_addr_preprod1rq2wrlcwesgucsncl5xtx896m44r5lnn3sesw53gpqtekjts7m0s63vnwq,4,Security Features,10,No bugs. ZK proof generation was surprisingly fast in the browser.,Support for folder drag-and-drop batch uploads.,Personal File Backup
17/09/2026 14:01:19,Wamiqa Gabbi,wamiqa.gabbi@outlook.com,mn_addr_preprod134hg7ysxqcxnr709s5es658qxj07yzlz4ftwtr6mgfck544pd4cqcnrzya,5,Cloud Storage Speed,10,"Initial wallet popup took a second to appear, but worked fine on retry.",Cardano multi-asset payment gateway for purchasing additional storage tiers.,Team Collaboration
17/09/2026 14:08:32,Triptii Dimri,triptii.dimri@yahoo.in,mn_addr_preprod1a36uzzxlpjxae8armzyjgxn2djsclgp4rs26wsu4sjraxztc5lvsg9vnnc,5,User Interface Design,10,None. Trash restore and star bookmarks worked without any errors.,Automated scheduled backup sync from local folders.,Media Storage and Streaming
18/09/2026 14:15:45,Sharvari Wagh,sharvari.wagh@gmail.com,mn_addr_preprod10flva6f6tu25rwyuux436j2r8g8tgqlm8vv6pf9nxezw9m8lengs3h552z,5,Integration Capabilities,10,No issues found. Encrypted image previews loaded crystal clear.,Option to export encrypted vault backup as a single archive.,Personal File Backup
18/09/2026 14:22:58,Alaya Furniturewala,alaya.furniturewala@outlook.com,mn_addr_preprod12ugu3sjuf6yu3hy45tq5jnav7lt65k4amadgvdgdvhl73zyks57stcuyw8,5,Customer Support,10,Encountered no bugs. Storage quota bonus claimed seamlessly.,Add dark/light theme toggle in settings.,Team Collaboration
18/09/2026 14:29:11,Ishaan Khatter,ishaan.khatter@yahoo.in,mn_addr_preprod17q7508hlpazkyxlq5z03ms382fc7nvw3m9jfq57g2lpx03r3s9nsfrxfny,5,Pricing,10,All features tested without any glitch.,"No suggestions, the platform is already very polished and complete.",Media Storage and Streaming
18/09/2026 14:36:24,Rohit Saraf,rohit.saraf@gmail.com,mn_addr_preprod1dwz7znzrtxj5unn4zfz25p6usuugfnursak56w9gxl47f2ufz64s04j3zf,5,Security Features,9,No issues. Fast envelope encryption and decryption.,Integration with hardware wallets like Ledger for Lace connection.,Personal File Backup
18/09/2026 14:43:37,Siddhant Chaturvedi,siddhant.chaturvedi@outlook.com,mn_addr_preprod1sj53cg5dud5axxtds7zajpemcr74ata2p590nt3zh7e4j3ztunhsn8l4gr,4,Cloud Storage Speed,10,no there is no technical issue. all thing work properly,no i have no suggestions,Team Collaboration
18/09/2026 15:50:50,Adarsh Gourav,adarsh.gourav@yahoo.in,mn_addr_preprod16luelhxz9pn8cr4kyu3g2fee74gzay0xfv3zysrh5l225lsnqnvshxc933,5,User Interface Design,10,Folder nesting worked smoothly up to 4 levels deep. No latency.,Allow setting custom folder icons in addition to color palettes.,Media Storage and Streaming
18/09/2026 15:57:03,Babil Khan,babil.khan@gmail.com,mn_addr_preprod1wxl3gw58tskzavp8dgst6ak9es44246pht23hys0unxury4jhjksfll8ga,5,Integration Capabilities,10,Selected multiple files and bulk actions executed seamlessly.,Add hotkeys like Ctrl+A for selecting all files in the active folder.,Personal File Backup
18/09/2026 15:04:16,Avinash Tiwary,avinash.tiwary@outlook.com,mn_addr_preprod13yqldgxaqzly36cfrmglnfhnzv94qryvqypedm77rsg06esa53xqt2pufy,5,Customer Support,10,Verified audit event hashes directly against local JSON export. Zero discrepancies.,Option to auto-anchor audit trail Merkle roots on an hourly schedule.,Team Collaboration
18/09/2026 15:11:29,Sunny Kaushal,sunny.kaushal@yahoo.in,mn_addr_preprod1gwpayt44zv7cmr7yq4t3qur96ldq2mw8ktganmku2kn0kmh3lj0stkzc37,5,Pricing,10,1AM Wallet popup was instantaneous. Balanced synced 5000 tNIGHT accurately.,Display sponsored tDUST burn counter per transaction.,Media Storage and Streaming
18/09/2026 15:18:42,Ishwak Singh,ishwak.singh@gmail.com,mn_addr_preprod13yrhlf78wenu8x8fxmud9ju6jzz96j56dn3t9f8ky6ychayxdp3svurl2u,5,Security Features,10,Exported encrypted snapshot and restored it on a fresh incognito window cleanly.,Cloud sync of encrypted backup snapshots to decentralized relays.,Personal File Backup
18/09/2026 15:25:55,Abhishek Banerjee,abhishek.banerjee@outlook.com,mn_addr_preprod16xkddp9lwgdg9g46j4e8kxjc2snqy38ffkv2p0y75ac0szlg5zvqypf6u9,5,Cloud Storage Speed,10,Filter pills by tag updated the table instantly without re-rendering delays.,Allow creating custom tag colors in addition to default categories.,Team Collaboration
18/09/2026 15:32:08,Jitendra Kumar,jitendra.kumar@yahoo.in,mn_addr_preprod1xjcl5s7sdkhdkt6lf8whzkhwf3gc6qcwusfzwgnn28rgz5ttr3sqhu5ds9,4,User Interface Design,9,Smart contract verified quota commitment without inspecting file sizes.,Integrate WebAuthn passkey encryption as secondary biometric layer.,Media Storage and Streaming
18/09/2026 15:39:21,Mayur More,mayur.more@gmail.com,mn_addr_preprod123ft8kzhry88ytpy858sdps83c5ahnsdufq7f4lgkgxfg6s8ar4qs5nevk,5,Integration Capabilities,10,Zero data leakage. Inspected browser network tab and saw only encrypted blobs.,Display chunk upload progress bar with per-shard transfer rates.,Personal File Backup
18/09/2026 15:46:34,Naveen Kasturia,naveen.kasturia@outlook.com,mn_addr_preprod1nmkc6ecg0w4lsv3x0p8spdg2wktt8wj4404qhh27fckujktl6z6qmtxxtd,5,Customer Support,10,File chunking and reconstruction occurred in less than 200ms for a 15MB file.,Formal verification proofs for the Compact circuit constraints.,Team Collaboration
18/09/2026 15:53:47,Arunabh Kumar,arunabh.kumar@yahoo.in,mn_addr_preprod1ktn73m9khx8c2l7hemkw592daxs48syfqhz9lslk3de0muxja67q67tlu6,5,Pricing,10,Reviewed contracts/voidcloud.compact. All 5 new circuits compile cleanly.,Pin favorite folders to the left navigation sidebar.,Media Storage and Streaming
19/09/2026 16:00:00,Amol Parashar,amol.parashar@gmail.com,mn_addr_preprod15yg5djfewys44y5xm8ae8pmzeu69v7ef8xjp6ktypwac8e2ydk9sy4msml,5,Security Features,10,No technical issues encountered. Smooth Lace and 1AM wallet connection.,Add multi-user encrypted folder sharing with zero-knowledge access proofs.,Personal File Backup
19/09/2026 16:07:13,Sumeet Vyas,sumeet.vyas@outlook.com,mn_addr_preprod1wqevhaejeld8wn4qwukhwn53hp4yrtasz632qxawamt2fugmf5tsptvw54,5,Cloud Storage Speed,10,Everything worked smoothly during file upload and download.,Would love a mobile companion app for iOS and Android in the future.,Team Collaboration
19/09/2026 16:14:26,Maanvi Gagroo,maanvi.gagroo@yahoo.in,mn_addr_preprod1x0c0esrr4e6a4wmre2hprhkuj6s67nzfju6a0duztujjzhjgxl9sn5xzce,5,User Interface Design,10,No bugs. ZK proof generation was surprisingly fast in the browser.,Support for folder drag-and-drop batch uploads.,Media Storage and Streaming
19/09/2026 16:21:39,Nidhi Singh,nidhi.singh@gmail.com,mn_addr_preprod1hy2mf20tzh2y8n97lrk77mf63qk2pj9dh8h27vwt95uzs4hd9y3q985meh,4,Integration Capabilities,10,"Initial wallet popup took a second to appear, but worked fine on retry.",Cardano multi-asset payment gateway for purchasing additional storage tiers.,Personal File Backup
19/09/2026 16:28:52,Barkha Singh,barkha.singh@outlook.com,mn_addr_preprod13ugs0m329vm5syjnhaknefq66ppumug9hsdpjx3kz3l7da2rsfyq5m2dd5,5,Customer Support,9,None. Trash restore and star bookmarks worked without any errors.,Automated scheduled backup sync from local folders.,Team Collaboration
19/09/2026 16:35:05,Ahsaas Channa,ahsaas.channa@yahoo.in,mn_addr_preprod157r38w4fkwa4kz8k7f72c2p9425n2kcfucer7e0l9fm4yh6h3dpsl54ccd,5,Pricing,10,No issues found. Encrypted image previews loaded crystal clear.,Option to export encrypted vault backup as a single archive.,Media Storage and Streaming
19/09/2026 16:42:18,Revathi Pillai,revathi.pillai@gmail.com,mn_addr_preprod1re53gcqww4qfgp3u34uc2fw74r28qc805r7juxkxewqpdnz3s82qkn8lq3,5,Security Features,10,Encountered no bugs. Storage quota bonus claimed seamlessly.,Add dark/light theme toggle in settings.,Personal File Backup
19/09/2026 16:49:31,Urvi Singh,urvi.singh@outlook.com,mn_addr_preprod1ykrtdnsfrqrvvgmwx4wtgt7fcthu57t9zpxx2w8n66e0e9t6fpdq9tetn5,5,Cloud Storage Speed,10,All features tested without any glitch.,"No suggestions, the platform is already very polished and complete.",Team Collaboration
19/09/2026 16:56:44,Tanya Maniktala,tanya.maniktala@yahoo.in,mn_addr_preprod1ghtr9qwh0dxjjvw99uwh9pste6nzhkcy60wp4v7734ufy3e7hs3sgx8u93,5,User Interface Design,10,No issues. Fast envelope encryption and decryption.,Integration with hardware wallets like Ledger for Lace connection.,Media Storage and Streaming
19/09/2026 16:03:57,Shreya Dhanwanthary,shreya.dhanwanthary@gmail.com,mn_addr_preprod1790pew8cm6vl6j4qhlpw4q2mjevszc9mdpwxs5zgnhyv268xq6vsz8fs8c,5,Integration Capabilities,10,no there is no technical issue. all thing work properly,no i have no suggestions,Personal File Backup
