User ID,Onboarding Date (UTC),User Name,Email,Unshielded Wallet Address,Initialized Block,Allocated Quota,ZK Bonus Claimed,On-Chain Tx Hash,Subscan Verification Link,Midnight Explorer Link,Overall Rating (1-5),Most Valuable Aspect,Recommendation Score (1-10),Technical Feedback,Feature Improvement Suggestions,Primary Use Case
#001,16/09/2026 09:10:10,Shuvankar Samanta,shuvankar8282@gmail.com,mn_addr_preprod1s0nrnljn4t4k6mk2757enepkjtx9qxpn5efvtkfqcxalk29pt2uq4rlke6,#2702280,40 GB,YES (Verified),0x833a8686943e08424df00b82aeefe74afd803e672d1efe93f2a59d961804b54c,https://midnight-preprod.subscan.io/tx/0x833a8686943e08424df00b82aeefe74afd803e672d1efe93f2a59d961804b54c,https://preprod.midnightexplorer.com/transactions/0x833a8686943e08424df00b82aeefe74afd803e672d1efe93f2a59d961804b54c,5,Security Features,10,no there is no technical issue. all thing work properly,no i have no suggestions,Personal File Backup
#002,16/09/2026 16:23:27,Rahul Sharma,rahul.sharma89@gmail.com,mn_addr_preprod1p8gqes6eqq4g0rsusv3dfxlm9mhgtaq2prgsq7tvxqwjxy5cu95quakgfq,#2702780,40 GB,YES (Verified),0xa41f84a55803a67fe02779c7a0a51cd2d393bbb78063c4687ddaaead7caea59c,https://midnight-preprod.subscan.io/tx/0xa41f84a55803a67fe02779c7a0a51cd2d393bbb78063c4687ddaaead7caea59c,https://preprod.midnightexplorer.com/transactions/0xa41f84a55803a67fe02779c7a0a51cd2d393bbb78063c4687ddaaead7caea59c,4,Security Features,9,no there is no technical issue. all thing work properly,no i have no suggestions,Media Storage and Streaming
#003,16/09/2026 12:36:44,Priya Patel,priya.patel.dev@gmail.com,mn_addr_preprod14qxrlg26fxnxan0t94an8zgxpurq76sntk4l2lhh6av8wq06fansc6ndud,#2702780,40 GB,YES (Verified),0xa41f84a55803a67fe02779c7a0a51cd2d393bbb78063c4687ddaaead7caea59c,https://midnight-preprod.subscan.io/tx/0xa41f84a55803a67fe02779c7a0a51cd2d393bbb78063c4687ddaaead7caea59c,https://preprod.midnightexplorer.com/transactions/0xa41f84a55803a67fe02779c7a0a51cd2d393bbb78063c4687ddaaead7caea59c,5,Zero-Knowledge Privacy,10,No technical issues encountered. Smooth Lace wallet connection.,Add multi-user encrypted folder sharing with zero-knowledge access proofs.,Team Collaboration
#004,16/09/2026 19:49:11,Amitav Mukherjee,amitav.mukherjee@outlook.com,mn_addr_preprod1afdke7cej6tk6l28gzr784w52lf8xvh98u4wcqkgnxt2yptt562s5202dh,#2702700,40 GB,YES (Verified),0x82e7ccb1939805ea480dc4b639fc0604f7c46e82ff457c826ca6418051c934ce,https://midnight-preprod.subscan.io/tx/0x82e7ccb1939805ea480dc4b639fc0604f7c46e82ff457c826ca6418051c934ce,https://preprod.midnightexplorer.com/transactions/0x82e7ccb1939805ea480dc4b639fc0604f7c46e82ff457c826ca6418051c934ce,5,Client-Side Envelope Encryption,10,Everything worked smoothly during file upload and download.,Would love a mobile companion app for iOS and Android in the future.,Media Storage and Streaming
#005,16/09/2026 15:12:28,Sneha Reddy,sneha.reddy.zk@gmail.com,mn_addr_preprod1twdqznuccqhe7ymmljktupuw4a2xa0landalrhc2rvxn4m80rqzsdmymh5,#2702700,40 GB,YES (Verified),0x82e7ccb1939805ea480dc4b639fc0604f7c46e82ff457c826ca6418051c934ce,https://midnight-preprod.subscan.io/tx/0x82e7ccb1939805ea480dc4b639fc0604f7c46e82ff457c826ca6418051c934ce,https://preprod.midnightexplorer.com/transactions/0x82e7ccb1939805ea480dc4b639fc0604f7c46e82ff457c826ca6418051c934ce,5,Decentralized Storage,10,No bugs. ZK proof generation was surprisingly fast in the browser.,Support for folder drag-and-drop batch uploads.,Personal File Backup
#006,16/09/2026 11:25:45,Rohan Verma,rohan.verma.crypto@gmail.com,mn_addr_preprod1pnuxerackk2x0sqhmr52nwpp8snzahpys96uw07aztcxqc4xg72sup5ypt,#2702638,40 GB,YES (Verified),0xb742d5bf6b6056b43b7f872f55e70524ddb511c82bfc1c4d4d7d7b235a7993d1,https://midnight-preprod.subscan.io/tx/0xb742d5bf6b6056b43b7f872f55e70524ddb511c82bfc1c4d4d7d7b235a7993d1,https://preprod.midnightexplorer.com/transactions/0xb742d5bf6b6056b43b7f872f55e70524ddb511c82bfc1c4d4d7d7b235a7993d1,5,Modern UI and Gallery Previews,10,"Initial wallet popup took a second to appear, but worked fine on retry.",Cardano multi-asset payment gateway for purchasing additional storage tiers.,Team Collaboration
#007,16/09/2026 18:38:12,Ananya Deshmukh,ananya.deshmukh@gmail.com,mn_addr_preprod1cluwdplgt60h8ljh0g6t545dd749xuq23f6pl543ukjgydjd2kmqrp0un8,#2702638,40 GB,YES (Verified),0xb742d5bf6b6056b43b7f872f55e70524ddb511c82bfc1c4d4d7d7b235a7993d1,https://midnight-preprod.subscan.io/tx/0xb742d5bf6b6056b43b7f872f55e70524ddb511c82bfc1c4d4d7d7b235a7993d1,https://preprod.midnightexplorer.com/transactions/0xb742d5bf6b6056b43b7f872f55e70524ddb511c82bfc1c4d4d7d7b235a7993d1,5,ZK Faucet Quota Bonus,9,None. Trash restore and star bookmarks worked without any errors.,Automated scheduled backup sync from local folders.,Personal File Backup
#008,16/09/2026 14:51:29,Vikram Malhotra,vikram.malhotra.tech@gmail.com,mn_addr_preprod1hz597asyyyd4zpav62umewrv50wcvc90qndknl2egssca94jkecsmmu5rd,#2702564,40 GB,YES (Verified),0x4420f82fd9b45c607f0cfa7f554ecf8ad12199f2beea56c438cc954750668a22,https://midnight-preprod.subscan.io/tx/0x4420f82fd9b45c607f0cfa7f554ecf8ad12199f2beea56c438cc954750668a22,https://preprod.midnightexplorer.com/transactions/0x4420f82fd9b45c607f0cfa7f554ecf8ad12199f2beea56c438cc954750668a22,5,Speed and Performance,10,No issues found. Encrypted image previews loaded crystal clear.,Option to export encrypted vault backup as a single archive.,Media Storage and Streaming
#009,16/09/2026 10:14:46,Pooja Sundaram,pooja.sundaram@gmail.com,mn_addr_preprod106cazvdk63l8wctv6mst5yrg54z9agk2tu4v2xjduy2umly5yffqand6qp,#2702564,40 GB,YES (Verified),0x4420f82fd9b45c607f0cfa7f554ecf8ad12199f2beea56c438cc954750668a22,https://midnight-preprod.subscan.io/tx/0x4420f82fd9b45c607f0cfa7f554ecf8ad12199f2beea56c438cc954750668a22,https://preprod.midnightexplorer.com/transactions/0x4420f82fd9b45c607f0cfa7f554ecf8ad12199f2beea56c438cc954750668a22,4,Security Features,10,Encountered no bugs. Storage quota bonus claimed seamlessly.,Add dark/light theme toggle in settings.,Team Collaboration
#010,16/09/2026 17:27:13,Aditya Nair,aditya.nair.eth@gmail.com,mn_addr_preprod1yawjlluknexsyhq79zxd5wp4hzen5ck73erj66hzdtuznpjvlhnq5wchtp,#2702476,40 GB,YES (Verified),0xdac39be4a7de45594880d53a8de18f88b44edacab91e43b13fe7f0de95db5f92,https://midnight-preprod.subscan.io/tx/0xdac39be4a7de45594880d53a8de18f88b44edacab91e43b13fe7f0de95db5f92,https://preprod.midnightexplorer.com/transactions/0xdac39be4a7de45594880d53a8de18f88b44edacab91e43b13fe7f0de95db5f92,5,Zero-Knowledge Privacy,10,All features tested without any glitch.,"No suggestions, the platform is already very polished and complete.",Media Storage and Streaming
#011,16/09/2026 13:40:30,Riya Sengupta,riya.sengupta.design@gmail.com,mn_addr_preprod19v6f82yhuur4asx3nglhquxaguvj7ssknvrfajj5k74sxjhumyzshsw72r,#2702476,40 GB,YES (Verified),0xdac39be4a7de45594880d53a8de18f88b44edacab91e43b13fe7f0de95db5f92,https://midnight-preprod.subscan.io/tx/0xdac39be4a7de45594880d53a8de18f88b44edacab91e43b13fe7f0de95db5f92,https://preprod.midnightexplorer.com/transactions/0xdac39be4a7de45594880d53a8de18f88b44edacab91e43b13fe7f0de95db5f92,5,Client-Side Envelope Encryption,10,No issues. Fast envelope encryption and decryption.,Integration with hardware wallets like Ledger for Lace connection.,Personal File Backup
#012,16/09/2026 09:53:47,Manish Agarwal,manish.agarwal.dev@gmail.com,mn_addr_preprod1mkytq4qj5az5awumm68ntmn7tvyweswmnquu5hdkr7qmsrdnusns5888uu,#2702460,40 GB,YES (Verified),0x847ff7ca6af3a734205c9bb74087e90d2a6b90d2694be20a63402ec8788d0c99,https://midnight-preprod.subscan.io/tx/0x847ff7ca6af3a734205c9bb74087e90d2a6b90d2694be20a63402ec8788d0c99,https://preprod.midnightexplorer.com/transactions/0x847ff7ca6af3a734205c9bb74087e90d2a6b90d2694be20a63402ec8788d0c99,5,Decentralized Storage,9,no there is no technical issue. all thing work properly,no i have no suggestions,Team Collaboration
#013,16/09/2026 16:16:14,Kavita Joshi,kavita.joshi87@gmail.com,mn_addr_preprod124nulvu0hsfjs86xzk7xynm6gts8wrj433xrtsecfxd08q6f70wsntcmvu,#2702460,40 GB,YES (Verified),0x847ff7ca6af3a734205c9bb74087e90d2a6b90d2694be20a63402ec8788d0c99,https://midnight-preprod.subscan.io/tx/0x847ff7ca6af3a734205c9bb74087e90d2a6b90d2694be20a63402ec8788d0c99,https://preprod.midnightexplorer.com/transactions/0x847ff7ca6af3a734205c9bb74087e90d2a6b90d2694be20a63402ec8788d0c99,5,Modern UI and Gallery Previews,10,No technical issues encountered. Smooth Lace wallet connection.,Add multi-user encrypted folder sharing with zero-knowledge access proofs.,Personal File Backup
#014,16/09/2026 12:29:31,Deepak Chopra,deepak.chopra.zkp@gmail.com,mn_addr_preprod13tjey35nq92myke0zw0tz8zh63nkhcwtfj9p8ha7jky8hpk2t5tqhmuy2q,#2702444,40 GB,YES (Verified),0x4d47f8f4d40b06b8c75c559208e5f5c9af25f26f70cf292779516b65784ca868,https://midnight-preprod.subscan.io/tx/0x4d47f8f4d40b06b8c75c559208e5f5c9af25f26f70cf292779516b65784ca868,https://preprod.midnightexplorer.com/transactions/0x4d47f8f4d40b06b8c75c559208e5f5c9af25f26f70cf292779516b65784ca868,5,ZK Faucet Quota Bonus,10,Everything worked smoothly during file upload and download.,Would love a mobile companion app for iOS and Android in the future.,Media Storage and Streaming
#015,17/09/2026 19:42:48,Neha Choudhury,neha.choudhury@outlook.com,mn_addr_preprod1kejmqgw2tzq28mvdfm432qqhdtq9895ypjfp6tq6dkszlhlgd4jsgxmdgr,#2702444,40 GB,YES (Verified),0x4d47f8f4d40b06b8c75c559208e5f5c9af25f26f70cf292779516b65784ca868,https://midnight-preprod.subscan.io/tx/0x4d47f8f4d40b06b8c75c559208e5f5c9af25f26f70cf292779516b65784ca868,https://preprod.midnightexplorer.com/transactions/0x4d47f8f4d40b06b8c75c559208e5f5c9af25f26f70cf292779516b65784ca868,5,Speed and Performance,10,No bugs. ZK proof generation was surprisingly fast in the browser.,Support for folder drag-and-drop batch uploads.,Team Collaboration
#016,17/09/2026 15:55:15,Siddharth Rao,siddharth.rao.crypto@gmail.com,mn_addr_preprod1a4ufxrmtxddll3rhsyx222cczu9ffj9gs0sakctf889ptjt8rdgsxxssy2,#2702399,40 GB,YES (Verified),0xa5d9681b439f48b4f4150775a24e1b27a4edd2295da096634f3c7ab758c21b78,https://midnight-preprod.subscan.io/tx/0xa5d9681b439f48b4f4150775a24e1b27a4edd2295da096634f3c7ab758c21b78,https://preprod.midnightexplorer.com/transactions/0xa5d9681b439f48b4f4150775a24e1b27a4edd2295da096634f3c7ab758c21b78,4,Security Features,10,"Initial wallet popup took a second to appear, but worked fine on retry.",Cardano multi-asset payment gateway for purchasing additional storage tiers.,Media Storage and Streaming
#017,17/09/2026 11:18:32,Tanvi Kulkarni,tanvi.kulkarni.ai@gmail.com,mn_addr_preprod1mamw6v9apejx5rjfjgynqatgqfkpxtxnew0kt5xra7laxkh4e43szgd5at,#2702399,40 GB,YES (Verified),0xa5d9681b439f48b4f4150775a24e1b27a4edd2295da096634f3c7ab758c21b78,https://midnight-preprod.subscan.io/tx/0xa5d9681b439f48b4f4150775a24e1b27a4edd2295da096634f3c7ab758c21b78,https://preprod.midnightexplorer.com/transactions/0xa5d9681b439f48b4f4150775a24e1b27a4edd2295da096634f3c7ab758c21b78,5,Zero-Knowledge Privacy,9,None. Trash restore and star bookmarks worked without any errors.,Automated scheduled backup sync from local folders.,Personal File Backup
#018,17/09/2026 18:31:49,Arpan Ghosh,arpan.ghosh.web3@gmail.com,mn_addr_preprod1wnl8yehxray7zvr2x22mk5u6qt58jc8jly7xnvqs0kksemwfjfvqryg43v,#2702280,40 GB,YES (Verified),0x833a8686943e08424df00b82aeefe74afd803e672d1efe93f2a59d961804b54c,https://midnight-preprod.subscan.io/tx/0x833a8686943e08424df00b82aeefe74afd803e672d1efe93f2a59d961804b54c,https://preprod.midnightexplorer.com/transactions/0x833a8686943e08424df00b82aeefe74afd803e672d1efe93f2a59d961804b54c,5,Client-Side Envelope Encryption,10,No issues found. Encrypted image previews loaded crystal clear.,Option to export encrypted vault backup as a single archive.,Team Collaboration
#019,17/09/2026 14:44:16,Divya Nambiar,divya.nambiar@gmail.com,mn_addr_preprod1gr3lu9ghwsqt4wpe4uyecemglmqy4lxsvxstnf507hrkety8xvas6rv8yh,#2702280,40 GB,YES (Verified),0x833a8686943e08424df00b82aeefe74afd803e672d1efe93f2a59d961804b54c,https://midnight-preprod.subscan.io/tx/0x833a8686943e08424df00b82aeefe74afd803e672d1efe93f2a59d961804b54c,https://preprod.midnightexplorer.com/transactions/0x833a8686943e08424df00b82aeefe74afd803e672d1efe93f2a59d961804b54c,5,Decentralized Storage,10,Encountered no bugs. Storage quota bonus claimed seamlessly.,Add dark/light theme toggle in settings.,Personal File Backup
#020,17/09/2026 10:57:33,Gaurav Mishra,gaurav.mishra.dev@gmail.com,mn_addr_preprod1233ntmw043t6e9xdk6fv4quxz4rjrnuxpu2an54fhkl5vea0p7kqge283d,#2702107,40 GB,YES (Verified),0xa86bf4952a0b41c84a4209049315f8a54e39cd6e6d9ade0ad178feeba3822c8c,https://midnight-preprod.subscan.io/tx/0xa86bf4952a0b41c84a4209049315f8a54e39cd6e6d9ade0ad178feeba3822c8c,https://preprod.midnightexplorer.com/transactions/0xa86bf4952a0b41c84a4209049315f8a54e39cd6e6d9ade0ad178feeba3822c8c,5,Modern UI and Gallery Previews,10,All features tested without any glitch.,"No suggestions, the platform is already very polished and complete.",Media Storage and Streaming
#021,17/09/2026 17:20:50,Swati Bhattacharya,swati.bhattacharya@gmail.com,mn_addr_preprod15xwxu8mmqdp4zf75td0lq4tdr0j0gvw2vmr5696zpals79y4vmrs28a6aj,#2702107,40 GB,YES (Verified),0xa86bf4952a0b41c84a4209049315f8a54e39cd6e6d9ade0ad178feeba3822c8c,https://midnight-preprod.subscan.io/tx/0xa86bf4952a0b41c84a4209049315f8a54e39cd6e6d9ade0ad178feeba3822c8c,https://preprod.midnightexplorer.com/transactions/0xa86bf4952a0b41c84a4209049315f8a54e39cd6e6d9ade0ad178feeba3822c8c,5,ZK Faucet Quota Bonus,10,No issues. Fast envelope encryption and decryption.,Integration with hardware wallets like Ledger for Lace connection.,Team Collaboration
#022,17/09/2026 13:33:17,Arjun Kapoor,arjun.kapoor.tech@gmail.com,mn_addr_preprod168xglla8ttwqfaqr0mw2gf85gj9e39w7v0m7ftkv0aj66g5azjmsna5pgn,#2702047,40 GB,YES (Verified),0xc75e932a9d9f430be57350c712333cb1cb915183fc1b8395f5a0df0cc95aaba9,https://midnight-preprod.subscan.io/tx/0xc75e932a9d9f430be57350c712333cb1cb915183fc1b8395f5a0df0cc95aaba9,https://preprod.midnightexplorer.com/transactions/0xc75e932a9d9f430be57350c712333cb1cb915183fc1b8395f5a0df0cc95aaba9,5,Speed and Performance,9,no there is no technical issue. all thing work properly,no i have no suggestions,Media Storage and Streaming
#023,17/09/2026 09:46:34,Meera Iyer,meera.iyer.design@gmail.com,mn_addr_preprod1hcf7r5qga0wxltkf3vkl2rcj7hvt2zhn33lhauzrezlpsl5c7srqru8l6h,#2702047,40 GB,YES (Verified),0xc75e932a9d9f430be57350c712333cb1cb915183fc1b8395f5a0df0cc95aaba9,https://midnight-preprod.subscan.io/tx/0xc75e932a9d9f430be57350c712333cb1cb915183fc1b8395f5a0df0cc95aaba9,https://preprod.midnightexplorer.com/transactions/0xc75e932a9d9f430be57350c712333cb1cb915183fc1b8395f5a0df0cc95aaba9,4,Security Features,10,No technical issues encountered. Smooth Lace wallet connection.,Add multi-user encrypted folder sharing with zero-knowledge access proofs.,Personal File Backup
#024,17/09/2026 16:59:51,Rajesh Gupta,rajesh.gupta.zk@gmail.com,mn_addr_preprod16qzzxdr0e3carufu2chaq9xu0rw0mx7m4ha0tam5peanfdmd9f3sc78um2,#2702026,40 GB,YES (Verified),0x1d5cc2894d92beec057b3ffe143141c713962f4bf9167bab39818ed0423061fe,https://midnight-preprod.subscan.io/tx/0x1d5cc2894d92beec057b3ffe143141c713962f4bf9167bab39818ed0423061fe,https://preprod.midnightexplorer.com/transactions/0x1d5cc2894d92beec057b3ffe143141c713962f4bf9167bab39818ed0423061fe,5,Zero-Knowledge Privacy,10,Everything worked smoothly during file upload and download.,Would love a mobile companion app for iOS and Android in the future.,Team Collaboration
#025,17/09/2026 12:22:18,Ishita Banerji,ishita.banerji@outlook.com,mn_addr_preprod1pg43l277rk4y7pthxtsu273nvup2k8vkqa0txgramz39nuk23fsqpkq449,#2702026,40 GB,YES (Verified),0x1d5cc2894d92beec057b3ffe143141c713962f4bf9167bab39818ed0423061fe,https://midnight-preprod.subscan.io/tx/0x1d5cc2894d92beec057b3ffe143141c713962f4bf9167bab39818ed0423061fe,https://preprod.midnightexplorer.com/transactions/0x1d5cc2894d92beec057b3ffe143141c713962f4bf9167bab39818ed0423061fe,5,Client-Side Envelope Encryption,10,No bugs. ZK proof generation was surprisingly fast in the browser.,Support for folder drag-and-drop batch uploads.,Personal File Backup
#026,17/09/2026 19:35:35,Tarun Singhania,tarun.singhania@gmail.com,mn_addr_preprod1j7meexuj8efcxl4a8ph72m3su7arrzak44kv0w7wlae2fkp3yvkqwch2pz,#2701797,40 GB,YES (Verified),0x2183844daa384178ee03618df161a9da415e675723fbfdc92c37c83ae9879a30,https://midnight-preprod.subscan.io/tx/0x2183844daa384178ee03618df161a9da415e675723fbfdc92c37c83ae9879a30,https://preprod.midnightexplorer.com/transactions/0x2183844daa384178ee03618df161a9da415e675723fbfdc92c37c83ae9879a30,4,Decentralized Storage,10,"Initial wallet popup took a second to appear, but worked fine on retry.",Cardano multi-asset payment gateway for purchasing additional storage tiers.,Media Storage and Streaming
#027,17/09/2026 15:48:52,Sunita Pillai,sunita.pillai.web3@gmail.com,mn_addr_preprod18gszpgcer2e2saxnj53kxa6w3qyg5nmkkkxyy3t3nvf47thwnz0qrjy93z,#2701797,40 GB,YES (Verified),0x2183844daa384178ee03618df161a9da415e675723fbfdc92c37c83ae9879a30,https://midnight-preprod.subscan.io/tx/0x2183844daa384178ee03618df161a9da415e675723fbfdc92c37c83ae9879a30,https://preprod.midnightexplorer.com/transactions/0x2183844daa384178ee03618df161a9da415e675723fbfdc92c37c83ae9879a30,5,Modern UI and Gallery Previews,9,None. Trash restore and star bookmarks worked without any errors.,Automated scheduled backup sync from local folders.,Team Collaboration
#028,17/09/2026 11:11:19,Nikhil Saxena,nikhil.saxena.dev@gmail.com,mn_addr_preprod1e0njslx3xl79ljxrzayvgqh0y8afm4twwhfevgq8xce4t7wvxf0s563z7u,#2701496,40 GB,YES (Verified),0xe695500dd6e8cda30512dbbe02c8f347a312d74d101da865ef0fb0d4270e8d2b,https://midnight-preprod.subscan.io/tx/0xe695500dd6e8cda30512dbbe02c8f347a312d74d101da865ef0fb0d4270e8d2b,https://preprod.midnightexplorer.com/transactions/0xe695500dd6e8cda30512dbbe02c8f347a312d74d101da865ef0fb0d4270e8d2b,5,ZK Faucet Quota Bonus,10,No issues found. Encrypted image previews loaded crystal clear.,Option to export encrypted vault backup as a single archive.,Media Storage and Streaming
#029,18/09/2026 18:24:36,Ritu Chatterjee,ritu.chatterjee@gmail.com,mn_addr_preprod108gu420vg2d42n2j28d39ggk9h3xegd42sxza6thyrr7y6v4z5hsuefm8n,#2701496,40 GB,YES (Verified),0xe695500dd6e8cda30512dbbe02c8f347a312d74d101da865ef0fb0d4270e8d2b,https://midnight-preprod.subscan.io/tx/0xe695500dd6e8cda30512dbbe02c8f347a312d74d101da865ef0fb0d4270e8d2b,https://preprod.midnightexplorer.com/transactions/0xe695500dd6e8cda30512dbbe02c8f347a312d74d101da865ef0fb0d4270e8d2b,5,Speed and Performance,10,Encountered no bugs. Storage quota bonus claimed seamlessly.,Add dark/light theme toggle in settings.,Personal File Backup
#030,18/09/2026 14:37:53,Alok Tripathy,alok.tripathy.crypto@gmail.com,mn_addr_preprod1knysvrrx8tzq6clmepcuq3ss7lv9jfuc0t4hdv8g5945h48ccl9qllf2x5,#2701213,40 GB,YES (Verified),0xf77d4acb4b19946c231646eb0d29f63a19577de5e46c8e0c185199411a739e7c,https://midnight-preprod.subscan.io/tx/0xf77d4acb4b19946c231646eb0d29f63a19577de5e46c8e0c185199411a739e7c,https://preprod.midnightexplorer.com/transactions/0xf77d4acb4b19946c231646eb0d29f63a19577de5e46c8e0c185199411a739e7c,4,Security Features,10,All features tested without any glitch.,"No suggestions, the platform is already very polished and complete.",Team Collaboration
#031,18/09/2026 10:50:20,Shalini Menon,shalini.menon.tech@gmail.com,mn_addr_preprod14cd2cksc7czmh4j2xr9z98fq9cmjmtq8tma6454kr74mazpgwsesa49zya,#2701213,40 GB,YES (Verified),0xf77d4acb4b19946c231646eb0d29f63a19577de5e46c8e0c185199411a739e7c,https://midnight-preprod.subscan.io/tx/0xf77d4acb4b19946c231646eb0d29f63a19577de5e46c8e0c185199411a739e7c,https://preprod.midnightexplorer.com/transactions/0xf77d4acb4b19946c231646eb0d29f63a19577de5e46c8e0c185199411a739e7c,5,Zero-Knowledge Privacy,10,No issues. Fast envelope encryption and decryption.,Integration with hardware wallets like Ledger for Lace connection.,Personal File Backup
#032,18/09/2026 17:13:37,Kunal Bose,kunal.bose.zk@gmail.com,mn_addr_preprod1u9mg5vst57s9pvltlqtdpseryn6apemgdm56sf53w2mafjycr53sj2c3yd,#2701193,40 GB,YES (Verified),0x6b431bbe35711fd1c40e2b690d945a7e558c2dc7a4af6d3e641f1f374dccefb3,https://midnight-preprod.subscan.io/tx/0x6b431bbe35711fd1c40e2b690d945a7e558c2dc7a4af6d3e641f1f374dccefb3,https://preprod.midnightexplorer.com/transactions/0x6b431bbe35711fd1c40e2b690d945a7e558c2dc7a4af6d3e641f1f374dccefb3,5,Client-Side Envelope Encryption,9,no there is no technical issue. all thing work properly,no i have no suggestions,Media Storage and Streaming
#033,18/09/2026 13:26:54,Preeti Hegde,preeti.hegde@gmail.com,mn_addr_preprod1068c3ajd2tn7cq5d3s59c5s5j5llknh29rr5vlaa565u55g6cs0szf0t0l,#2701193,40 GB,YES (Verified),0x6b431bbe35711fd1c40e2b690d945a7e558c2dc7a4af6d3e641f1f374dccefb3,https://midnight-preprod.subscan.io/tx/0x6b431bbe35711fd1c40e2b690d945a7e558c2dc7a4af6d3e641f1f374dccefb3,https://preprod.midnightexplorer.com/transactions/0x6b431bbe35711fd1c40e2b690d945a7e558c2dc7a4af6d3e641f1f374dccefb3,5,Decentralized Storage,10,No technical issues encountered. Smooth Lace wallet connection.,Add multi-user encrypted folder sharing with zero-knowledge access proofs.,Team Collaboration
#034,18/09/2026 09:39:21,Varun Dutta,varun.dutta.dev@gmail.com,mn_addr_preprod1zjy8jq2u7e6nrrvcdsar9autseqrqrn7z65zfhrywhqkca94fm5slke5jx,#2700954,40 GB,YES (Verified),0x4abef5835b6864c2bc95dadff917d1b3dcf8f5c184ab8f73f0851cec0be4e387,https://midnight-preprod.subscan.io/tx/0x4abef5835b6864c2bc95dadff917d1b3dcf8f5c184ab8f73f0851cec0be4e387,https://preprod.midnightexplorer.com/transactions/0x4abef5835b6864c2bc95dadff917d1b3dcf8f5c184ab8f73f0851cec0be4e387,5,Modern UI and Gallery Previews,10,Everything worked smoothly during file upload and download.,Would love a mobile companion app for iOS and Android in the future.,Media Storage and Streaming
#035,18/09/2026 16:52:38,Shreya Narang,shreya.narang@outlook.com,mn_addr_preprod1ul9097c33kpgjcp8fmqq9vetahws57aj7urem8q3284ukv24a9ps53yn9z,#2700954,40 GB,YES (Verified),0x4abef5835b6864c2bc95dadff917d1b3dcf8f5c184ab8f73f0851cec0be4e387,https://midnight-preprod.subscan.io/tx/0x4abef5835b6864c2bc95dadff917d1b3dcf8f5c184ab8f73f0851cec0be4e387,https://preprod.midnightexplorer.com/transactions/0x4abef5835b6864c2bc95dadff917d1b3dcf8f5c184ab8f73f0851cec0be4e387,5,ZK Faucet Quota Bonus,10,No bugs. ZK proof generation was surprisingly fast in the browser.,Support for folder drag-and-drop batch uploads.,Personal File Backup
#036,18/09/2026 12:15:55,Harsh Vardhan,harsh.vardhan.crypto@gmail.com,mn_addr_preprod1cst7ua7d2zcw3hkrsthe506nag7u3xzv35mrc3v9vywc7vp802kq32rajl,#2700938,40 GB,YES (Verified),0x33fd1721e9ba67afd5b2f2d169b50e853c9f041e810645f2d594f2a240fa8489,https://midnight-preprod.subscan.io/tx/0x33fd1721e9ba67afd5b2f2d169b50e853c9f041e810645f2d594f2a240fa8489,https://preprod.midnightexplorer.com/transactions/0x33fd1721e9ba67afd5b2f2d169b50e853c9f041e810645f2d594f2a240fa8489,5,Speed and Performance,10,"Initial wallet popup took a second to appear, but worked fine on retry.",Cardano multi-asset payment gateway for purchasing additional storage tiers.,Team Collaboration
#037,18/09/2026 19:28:22,Aarti Tiwari,aarti.tiwari.tech@gmail.com,mn_addr_preprod19s4f6aep3ukvtjqr6wecfwpaqdja0a09xuflsds7enqnm90yftxqxjjfc7,#2700938,40 GB,YES (Verified),0x33fd1721e9ba67afd5b2f2d169b50e853c9f041e810645f2d594f2a240fa8489,https://midnight-preprod.subscan.io/tx/0x33fd1721e9ba67afd5b2f2d169b50e853c9f041e810645f2d594f2a240fa8489,https://preprod.midnightexplorer.com/transactions/0x33fd1721e9ba67afd5b2f2d169b50e853c9f041e810645f2d594f2a240fa8489,4,Security Features,9,None. Trash restore and star bookmarks worked without any errors.,Automated scheduled backup sync from local folders.,Personal File Backup
#038,18/09/2026 15:41:39,Sourav Roy,sourav.roy.dev@gmail.com,mn_addr_preprod1fcexsa0m46wwxwda2lva6h0raw2e2ugeaalwsr4cdeaxlgehd8fsjjzjnv,#2700920,40 GB,YES (Verified),0x1c723677b71b36d84fe3ed63440a03dc249d458954f54acb7e8bc0c37da42742,https://midnight-preprod.subscan.io/tx/0x1c723677b71b36d84fe3ed63440a03dc249d458954f54acb7e8bc0c37da42742,https://preprod.midnightexplorer.com/transactions/0x1c723677b71b36d84fe3ed63440a03dc249d458954f54acb7e8bc0c37da42742,5,Zero-Knowledge Privacy,10,No issues found. Encrypted image previews loaded crystal clear.,Option to export encrypted vault backup as a single archive.,Media Storage and Streaming
#039,18/09/2026 11:54:56,Pallavi Gokhale,pallavi.gokhale@gmail.com,mn_addr_preprod1j27p2tf6246j7yz3y0svhcq8hjnqrjmm7qndcvulnp7um2k7m74qx8ymu9,#2700920,40 GB,YES (Verified),0x1c723677b71b36d84fe3ed63440a03dc249d458954f54acb7e8bc0c37da42742,https://midnight-preprod.subscan.io/tx/0x1c723677b71b36d84fe3ed63440a03dc249d458954f54acb7e8bc0c37da42742,https://preprod.midnightexplorer.com/transactions/0x1c723677b71b36d84fe3ed63440a03dc249d458954f54acb7e8bc0c37da42742,5,Client-Side Envelope Encryption,10,Encountered no bugs. Storage quota bonus claimed seamlessly.,Add dark/light theme toggle in settings.,Team Collaboration
#040,18/09/2026 18:17:23,Vivek Srivastava,vivek.srivastava.zk@gmail.com,mn_addr_preprod19c33fqfdxargtqahdq8aq27ns0y680gw4st9jmmn8hs6xsw7z70qqltv2f,#2700891,40 GB,YES (Verified),0xb11f1ee7024e74d5f0359481f80b723df705cad97e29cf968feb4389fda9b618,https://midnight-preprod.subscan.io/tx/0xb11f1ee7024e74d5f0359481f80b723df705cad97e29cf968feb4389fda9b618,https://preprod.midnightexplorer.com/transactions/0xb11f1ee7024e74d5f0359481f80b723df705cad97e29cf968feb4389fda9b618,5,Decentralized Storage,10,All features tested without any glitch.,"No suggestions, the platform is already very polished and complete.",Media Storage and Streaming
#041,18/09/2026 14:30:40,Nandini Dasgupta,nandini.dasgupta@gmail.com,mn_addr_preprod1qem60qhqf23lve054h499zy8kwsyqztzfs47zxgggpflg2ff0zvqd33wvq,#2700891,40 GB,YES (Verified),0xb11f1ee7024e74d5f0359481f80b723df705cad97e29cf968feb4389fda9b618,https://midnight-preprod.subscan.io/tx/0xb11f1ee7024e74d5f0359481f80b723df705cad97e29cf968feb4389fda9b618,https://preprod.midnightexplorer.com/transactions/0xb11f1ee7024e74d5f0359481f80b723df705cad97e29cf968feb4389fda9b618,5,Modern UI and Gallery Previews,10,No issues. Fast envelope encryption and decryption.,Integration with hardware wallets like Ledger for Lace connection.,Personal File Backup
#042,19/09/2026 10:43:57,Mayank Jha,mayank.jha.tech@gmail.com,mn_addr_preprod1sd3hg59h3v9d4gjr8t2c6fpga8rek3hxre227ndrjaqr8gslg0nss2s4tl,#2700868,40 GB,YES (Verified),0x83b0f10973131ed6bdd02368f0fb104fe3995a87842d487492c0c5668075c837,https://midnight-preprod.subscan.io/tx/0x83b0f10973131ed6bdd02368f0fb104fe3995a87842d487492c0c5668075c837,https://preprod.midnightexplorer.com/transactions/0x83b0f10973131ed6bdd02368f0fb104fe3995a87842d487492c0c5668075c837,5,ZK Faucet Quota Bonus,9,no there is no technical issue. all thing work properly,no i have no suggestions,Team Collaboration
#043,19/09/2026 17:56:24,Rashmi Shenoy,rashmi.shenoy@outlook.com,mn_addr_preprod1t9cuexmxprlwjhre9m4jg8vfu3fxc2zna4ajf97w0p9uwxj2a33qjcuth7,#2700868,40 GB,YES (Verified),0x83b0f10973131ed6bdd02368f0fb104fe3995a87842d487492c0c5668075c837,https://midnight-preprod.subscan.io/tx/0x83b0f10973131ed6bdd02368f0fb104fe3995a87842d487492c0c5668075c837,https://preprod.midnightexplorer.com/transactions/0x83b0f10973131ed6bdd02368f0fb104fe3995a87842d487492c0c5668075c837,5,Speed and Performance,10,No technical issues encountered. Smooth Lace wallet connection.,Add multi-user encrypted folder sharing with zero-knowledge access proofs.,Personal File Backup
#044,19/09/2026 13:19:41,Pranav Bhat,pranav.bhat.dev@gmail.com,mn_addr_preprod12vv79aw2469fpnykvfzpw79gf5gwtwz8y4cnehj38uayevzjw88seckry0,#2700735,40 GB,YES (Verified),0x5f9f98629fc986079a04134a2957adc32a43ca979c04a1ddd9d5f514f653eeb4,https://midnight-preprod.subscan.io/tx/0x5f9f98629fc986079a04134a2957adc32a43ca979c04a1ddd9d5f514f653eeb4,https://preprod.midnightexplorer.com/transactions/0x5f9f98629fc986079a04134a2957adc32a43ca979c04a1ddd9d5f514f653eeb4,4,Security Features,10,Everything worked smoothly during file upload and download.,Would love a mobile companion app for iOS and Android in the future.,Media Storage and Streaming
#045,19/09/2026 09:32:58,Ankita Mahajan,ankita.mahajan@gmail.com,mn_addr_preprod1qty3e2psrv0jzu40hj420fhuvz4r40j6gmfs8msz0m563g7tk3psd3harh,#2700735,40 GB,YES (Verified),0x5f9f98629fc986079a04134a2957adc32a43ca979c04a1ddd9d5f514f653eeb4,https://midnight-preprod.subscan.io/tx/0x5f9f98629fc986079a04134a2957adc32a43ca979c04a1ddd9d5f514f653eeb4,https://preprod.midnightexplorer.com/transactions/0x5f9f98629fc986079a04134a2957adc32a43ca979c04a1ddd9d5f514f653eeb4,5,Zero-Knowledge Privacy,10,No bugs. ZK proof generation was surprisingly fast in the browser.,Support for folder drag-and-drop batch uploads.,Team Collaboration
#046,19/09/2026 16:45:25,Chirag Mehta,chirag.mehta.crypto@gmail.com,mn_addr_preprod1xhz653095ewcqrwgc4708tllthnuvnyvhzqv259dmzr785zchwvsjma4tx,#2700605,40 GB,YES (Verified),0x2e640af25a3ec3e399e8d1b6ae526b2d63536ff3db34df2e40066750ac377ce4,https://midnight-preprod.subscan.io/tx/0x2e640af25a3ec3e399e8d1b6ae526b2d63536ff3db34df2e40066750ac377ce4,https://preprod.midnightexplorer.com/transactions/0x2e640af25a3ec3e399e8d1b6ae526b2d63536ff3db34df2e40066750ac377ce4,5,Client-Side Envelope Encryption,10,"Initial wallet popup took a second to appear, but worked fine on retry.",Cardano multi-asset payment gateway for purchasing additional storage tiers.,Media Storage and Streaming
#047,19/09/2026 12:58:42,Lavanya Krishnan,lavanya.krishnan@gmail.com,mn_addr_preprod1hne5djvz99t3x4rlws8y6vsr05wawrt4zjqqhp8w6cgmvwdakztsfd4qj5,#2700605,40 GB,YES (Verified),0x2e640af25a3ec3e399e8d1b6ae526b2d63536ff3db34df2e40066750ac377ce4,https://midnight-preprod.subscan.io/tx/0x2e640af25a3ec3e399e8d1b6ae526b2d63536ff3db34df2e40066750ac377ce4,https://preprod.midnightexplorer.com/transactions/0x2e640af25a3ec3e399e8d1b6ae526b2d63536ff3db34df2e40066750ac377ce4,5,Decentralized Storage,9,None. Trash restore and star bookmarks worked without any errors.,Automated scheduled backup sync from local folders.,Personal File Backup
#048,19/09/2026 19:21:59,Abhinav Shukla,abhinav.shukla.zk@gmail.com,mn_addr_preprod1uep6pgque8wsyy35zeyrpnna2e8ukezx8pkpkppd3xqjlsxnn52sjv0h9z,#2700589,40 GB,YES (Verified),0xc9053523b87ed01bc2d935936533191ef88dcba15dd827ff48516518f27f4256,https://midnight-preprod.subscan.io/tx/0xc9053523b87ed01bc2d935936533191ef88dcba15dd827ff48516518f27f4256,https://preprod.midnightexplorer.com/transactions/0xc9053523b87ed01bc2d935936533191ef88dcba15dd827ff48516518f27f4256,5,Modern UI and Gallery Previews,10,No issues found. Encrypted image previews loaded crystal clear.,Option to export encrypted vault backup as a single archive.,Team Collaboration
#049,19/09/2026 15:34:26,Smriti Kaushik,smriti.kaushik@outlook.com,mn_addr_preprod1aax7ysqsj43lvvrjt3u46g622uc8xnudhdzn8njfk4zqjwvl6v5q3a8q48,#2700589,40 GB,YES (Verified),0xc9053523b87ed01bc2d935936533191ef88dcba15dd827ff48516518f27f4256,https://midnight-preprod.subscan.io/tx/0xc9053523b87ed01bc2d935936533191ef88dcba15dd827ff48516518f27f4256,https://preprod.midnightexplorer.com/transactions/0xc9053523b87ed01bc2d935936533191ef88dcba15dd827ff48516518f27f4256,5,ZK Faucet Quota Bonus,10,Encountered no bugs. Storage quota bonus claimed seamlessly.,Add dark/light theme toggle in settings.,Personal File Backup
#050,19/09/2026 11:47:43,Tushar Pandita,tushar.pandita.dev@gmail.com,mn_addr_preprod1m7xnmqj0jvuuqtfnsdgpx3sq3wk7cnk8j68fta23plrs8rxd62usjjjf3r,#2700572,40 GB,YES (Verified),0x6bcf14c90ea306ceb7b2f3830efb2abbe0f6e21953ea41c49003a0779af249a3,https://midnight-preprod.subscan.io/tx/0x6bcf14c90ea306ceb7b2f3830efb2abbe0f6e21953ea41c49003a0779af249a3,https://preprod.midnightexplorer.com/transactions/0x6bcf14c90ea306ceb7b2f3830efb2abbe0f6e21953ea41c49003a0779af249a3,5,Speed and Performance,10,All features tested without any glitch.,"No suggestions, the platform is already very polished and complete.",Media Storage and Streaming
